littlemonkey500,18de283d-fae6-4c40-9ae3-23dc5d8dcafc
fredleg26,6fce364a-d0c1-4dd7-a6f0-a15e015ddc22
essmaster123,19721014-7635-44a2-98ca-4cac97227264
dacringylemon,be9fc3b9-7c82-4c7f-87c0-6c76e52e0edd
gigit21,8e138719-3cd6-4c37-9269-680ca852e02a
hotshotmink0351,8073febd-16a5-4439-b04e-1375e2bba575
southernfir,61c4f4fb-0f61-4b92-9cf7-4622726fffe3
sugaredmeteor19,c9711682-67dc-41cf-b936-07cf8e5e3e91
axzrel,8b018157-b882-4239-8659-d780cb8a4020
harle897x,0a8580b7-be9a-4d1f-a264-26c762310ac3
littlepotato472,9254dafe-b2e9-4d12-9ef7-7548b5574fb7
xxviper5xxyt,1e6c9e70-b074-4329-b80b-89013ff218ac
obushbaby,37c1a161-6894-4f16-9d03-5d59e45ad1f2
tc275,4f336761-5f3f-4803-a8ca-24fd827415ef
turkey_kebab,3a15af13-cac8-48b1-a4cf-b1f93096d2b1
mycelium_hobnob,a684c26c-98a1-43bb-bc51-6737326956de
thunderboy_14,68b1431e-6da8-4dbf-941f-6958b418afed
dawn___,eb526fa5-290e-4c88-9e31-10282fe256c4
sophiew1806,a9d3433a-08b8-429a-82fa-777f8c587206
420grandmaste,87af2102-a7f3-4fed-a21f-96da9b5030f3
